,titulo,descripcion,precio
0,consola ps5 sony playstation 5 slim standard 1tb,Usado,410.95
1,consola ps5 sony playstation 5 slim standard 1tb,Bueno,442.95
2,consola ps5 sony playstation 5,Usado,426.95
3,consola ps5 sony playstation 5 digital edition,Usado,370.95
4,consola ps5 sony playstation 5 slim digital 1tb,Perfecto,404.95
5,null,null,
6,consola ps5 sony playstation 5 slim digital 1tb,Perfecto,404.95
7,consola ps5 sony playstation 5 digital edition,Bueno,410.95
8,consola ps5 sony playstation 5,Usado,426.95
9,consola ps5 sony playstation 5,Bueno,422.95
10,consola ps5 sony playstation 5,Usado,426.95
11,consola ps5 sony playstation 5 slim standard 1tb,Perfecto,452.95
12,consola ps5 sony playstation 5,Usado,426.95
13,consola ps5 sony playstation 5,Bueno,422.95
14,consola ps5 sony playstation 5,Usado,426.95
15,consola ps5 sony playstation 5,Bueno,422.95
16,consola ps5 sony playstation 5 slim standard 1tb,Perfecto,452.95
17,consola ps5 sony playstation 5,Bueno,422.95
18,consola ps5 sony playstation 5 slim standard 1tb,Perfecto,452.95
19,consola ps5 sony playstation 5 slim digital 1tb,Bueno,394.95
20,consola ps5 sony playstation 5 slim standard 1tb,Bueno,442.95
21,consola ps5 sony playstation 5,Bueno,422.95
22,consola ps5 sony playstation 5,Bueno,422.95
23,consola ps5 sony playstation 5,Usado,426.95
24,consola ps5 sony playstation 5,Usado,426.95
25,consola ps5 sony playstation 5 slim digital 1tb,Bueno,394.95
26,consola ps5 sony playstation 5,Perfecto,466.95
27,consola ps5 sony playstation 5,Usado,426.95
28,consola ps5 sony playstation 5,Bueno,422.95
29,consola ps5 sony playstation 5,Bueno,422.95
30,consola ps5 sony playstation 5 slim standard 1tb,Perfecto,452.95
31,consola ps5 sony playstation 5,Usado,426.95
32,consola ps5 sony playstation 5,Usado,426.95
33,consola ps5 sony playstation 5 slim standard 1tb,Perfecto,452.95
34,consola ps5 sony playstation 5,Bueno,422.95
35,consola ps5 sony playstation 5 slim standard 1tb,Usado,410.95
36,consola ps5 sony playstation 5 slim standard 1tb,Perfecto,452.95
37,consola ps5 sony playstation 5,Perfecto,466.95
38,consola ps5 sony playstation 5 slim digital 1tb,Perfecto,404.95
39,consola ps5 sony playstation 5 slim standard 1tb,Perfecto,452.95
40,consola ps5 sony playstation 5,Bueno,422.95
41,consola ps5 sony playstation 5 slim digital 1tb,Perfecto,404.95
42,consola ps5 sony playstation 5,Usado,426.95
43,consola ps5 sony playstation 5 slim standard 1tb,Bueno,442.95
44,consola ps5 sony playstation 5,Bueno,422.95
45,consola ps5 sony playstation 5 slim standard 1tb,Bueno,442.95
46,consola ps5 sony playstation 5 slim digital 1tb,Bueno,394.95
47,consola ps5 sony playstation 5 slim standard 1tb,Perfecto,452.95
48,consola ps5 sony playstation 5,Bueno,422.95
49,consola ps5 sony playstation 5,Usado,426.95
50,consola ps5 sony playstation 5,Usado,426.95
51,consola ps5 sony playstation 5,Usado,426.95
52,consola ps5 sony playstation 5,Usado,426.95
53,consola ps5 sony playstation 5 slim standard 1tb,Bueno,442.95
54,consola ps5 sony playstation 5 slim standard 1tb,Bueno,442.95
55,consola ps5 sony playstation 5,Usado,426.95
56,consola ps5 sony playstation 5,Usado,426.95
57,consola ps5 sony playstation 5,Bueno,422.95
58,consola ps5 sony playstation 5 slim digital 1tb,Bueno,394.95
59,consola ps5 sony playstation 5 slim standard 1tb,Bueno,442.95
60,consola ps5 sony playstation 5,Bueno,422.95
61,consola ps5 sony playstation 5,Usado,426.95
62,consola ps5 sony playstation 5 slim standard 1tb,Perfecto,452.95
63,consola ps5 sony playstation 5 slim standard 1tb,Bueno,442.95
64,consola ps5 sony playstation 5 slim standard 1tb,Bueno,442.95
65,consola ps5 sony playstation 5,Usado,426.95
66,consola ps5 sony playstation 5 slim standard 1tb,Bueno,442.95
67,consola ps5 sony playstation 5,Bueno,422.95
68,consola ps5 sony playstation 5,Perfecto,466.95
69,consola ps5 sony playstation 5 slim standard 1tb,Bueno,442.95
70,consola ps5 sony playstation 5 slim standard 1tb,Perfecto,452.95
71,consola ps5 sony playstation 5 slim standard 1tb,Bueno,442.95
